dataset,variable,dtype,n,missing,missing_pct,unique,unique_pct,constant,top,top_freq,entropy,min,q01,q25,mean,median,q75,q99,max,std,skew,kurtosis,n_infinite
pixels_raw,sample_id,str,21507,0,0.0,70,0.32547542660529133,False,suelo_rocoso_002,928.0,5.742962729695781,,,,,,,,,,,,
pixels_raw,class_id,int64,21507,0,0.0,4,0.01859859580601665,False,,,,1.0,1.0,1.0,2.3747617054912356,3.0,3.0,4.0,4.0,1.162301545640086,0.025339754363472973,-1.4949862396043772,0.0
pixels_raw,class_name,str,21507,0,0.0,4,0.01859859580601665,False,salina,7575.0,1.902696537638887,,,,,,,,,,,,
pixels_raw,macro_class,str,21507,0,0.0,3,0.013948946854512484,False,sal,7575.0,1.5834499757477971,,,,,,,,,,,,
pixels_raw,season,str,21507,0,0.0,1,0.004649648951504162,True,seca,21507.0,-0.0,,,,,,,,,,,,
pixels_raw,confidence,str,21507,0,0.0,1,0.004649648951504162,True,alta,21507.0,-0.0,,,,,,,,,,,,
pixels_raw,split,str,21507,0,0.0,3,0.013948946854512484,False,train,17283.0,0.9100654280160014,,,,,,,,,,,,
pixels_raw,source,str,21507,0,0.0,1,0.004649648951504162,True,sentinel2_l2a_2025,21507.0,-0.0,,,,,,,,,,,,
pixels_raw,notes,str,21507,0,0.0,5,0.023248244757520808,False,costra salina homogénea,7575.0,2.1524515700364137,,,,,,,,,,,,
pixels_raw,scl,int64,21507,0,0.0,6,0.027897893709024967,False,,,,2.0,5.0,5.0,7.429255591202864,6.0,11.0,11.0,11.0,2.6742023738625225,0.5385887177756734,-1.6143032362408922,0.0
pixels_raw,x,float64,21507,0,0.0,814,3.7848142465243875,False,,,,719240.0,719500.0,729900.0,733568.9031478124,732720.0,736620.0,747220.0,747480.0,6527.59701392587,0.08749406093672746,-0.20156361921155508,0.0
pixels_raw,y,float64,21507,0,0.0,925,4.30092528014135,False,,,,7382380.0,7384161.2,7391400.0,7400384.561305622,7402460.0,7408300.0,7411860.0,7415400.0,8423.548723246071,-0.4230512606610641,-1.1213367433999515,0.0
pixels_raw,B04,float64,21507,0,0.0,3389,15.757660296647602,False,,,,1325.0,2302.12,3383.0,5237.062584274887,4250.0,7842.0,8740.0,8956.0,2212.1700126669466,0.4406362179716968,-1.5153505326573953,0.0
pixels_raw,B03,float64,21507,0,0.0,3219,14.967219974891895,False,,,,1238.5,1993.53,2998.0,5786.09015669317,7050.0,7596.0,8343.759999999995,8656.0,2245.8848251940954,-0.5852593589430866,-1.4386739993090258,0.0
pixels_raw,B02,float64,21507,0,0.0,3169,14.734737527316689,False,,,,1171.5,1678.0,2444.0,5529.137885339657,6872.0,7494.0,8028.0,8492.0,2402.0397086815033,-0.5968640857777003,-1.4938022746550055,0.0
pixels_raw,B05,float64,21507,0,0.0,7515,34.942111870553774,False,,,,1398.5,2192.06,3065.5,5125.042893011578,4060.0,8034.0,8944.5,9213.5,2431.2102296200524,0.4670622737565528,-1.5428217910665474,0.0
pixels_raw,B06,float64,21507,0,0.0,7896,36.71362812107686,False,,,,1091.5,1118.5,1529.75,4548.891965406612,3702.0,7880.0,8725.439999999999,9012.5,2845.607747123575,0.24935562570824743,-1.5667932487276255,0.0
pixels_raw,B07,float64,21507,0,0.0,7686,35.73720184126098,False,,,,1099.0,1127.0,1421.0,4550.804366020366,3773.0,7870.0,8697.47,8928.0,2850.6981209297765,0.20891133261657735,-1.5727373170477366,0.0
pixels_raw,B08,float64,21507,0,0.0,4212,19.584321383735528,False,,,,1081.5,1108.5,1404.5,4545.673617891849,3769.0,7898.0,8687.759999999995,8912.0,2861.051543881792,0.20569162293418283,-1.575952559560184,0.0
pixels_raw,B8A,float64,21507,0,0.0,7202,33.48677174873297,False,,,,1026.0,1054.5,1186.5,4424.521086157995,3732.5,7699.0,8531.0,8767.5,2832.6668904048825,0.16460437361741057,-1.5762838551111666,0.0
pixels_raw,B11,float64,21507,0,0.0,5599,26.0333844794718,False,,,,1026.5,1037.0,1076.0,2987.41228437253,3368.0,3930.5,5613.5,6263.0,1445.4863773954644,-0.16793708147104586,-1.1797038130642232,0.0
pixels_raw,B12,float64,21507,0,0.0,6125,28.47909982796299,False,,,,1019.5,1037.5,1074.5,2452.4356488585113,2237.0,3250.25,5559.969999999999,6324.5,1293.0714880001988,0.7315172758383011,-0.31506612248324295,0.0
pixels,sample_id,str,13878,0,0.0,50,0.3602824614497766,False,suelo_rocoso_002,928.0,5.195939612654394,,,,,,,,,,,,
pixels,class_id,int64,13878,0,0.0,3,0.021616947686986597,False,,,,2.0,2.0,3.0,3.122712206369794,3.0,4.0,4.0,4.0,0.70779541828901,-0.17923993563281182,-1.0006973376819128,0.0
pixels,class_name,str,13878,0,0.0,3,0.021616947686986597,False,agua_humedad,6717.0,1.4940039896089652,,,,,,,,,,,,
pixels,macro_class,str,13878,0,0.0,2,0.014411298457991066,False,sin_vegetacion,7161.0,0.9992615334487355,,,,,,,,,,,,
pixels,season,str,13878,0,0.0,1,0.007205649228995533,True,seca,13878.0,-0.0,,,,,,,,,,,,
pixels,confidence,str,13878,0,0.0,1,0.007205649228995533,True,alta,13878.0,-0.0,,,,,,,,,,,,
pixels,split,str,13878,0,0.0,3,0.021616947686986597,False,train,11778.0,0.7627193654347311,,,,,,,,,,,,
pixels,source,str,13878,0,0.0,1,0.007205649228995533,True,sentinel2_l2a_2025,13878.0,-0.0,,,,,,,,,,,,
pixels,notes,str,13878,0,0.0,4,0.028822596915982133,False,zona oscura homogénea asociada a humedad superficial,5103.0,1.8790361469518282,,,,,,,,,,,,
pixels,scl,int64,13878,0,0.0,3,0.021616947686986597,False,,,,2.0,5.0,5.0,5.470528894653408,5.0,6.0,6.0,6.0,0.5034611284598747,-0.000511438037578505,-1.2065029493991823,0.0
pixels,x,float64,13878,0,0.0,617,4.4458855742902434,False,,,,719240.0,719440.0,728900.0,733206.0902147284,730460.0,742000.0,747300.0,747480.0,8001.683297608897,0.20385364087684338,-1.0575841908992107,0.0
pixels,y,float64,13878,0,0.0,744,5.361003026372676,False,,,,7382380.0,7384040.0,7390160.0,7396816.143536532,7396980.0,7402380.0,7412180.0,7415400.0,8299.605775029517,0.2956006537051155,-1.0141854638757162,0.0
pixels,B04,float64,13878,0,0.0,2744,19.77230148436374,False,,,,1325.0,2205.77,3118.0,3679.058149589278,3630.5,4201.5,5624.0,8228.0,756.7171010551284,0.586119885353553,1.492005487417166,0.0
pixels,B03,float64,13878,0,0.0,2998,21.602536388528605,False,,,,1238.5,1907.425,2709.0,4760.815391266753,3406.5,7050.0,7898.0,8656.0,2171.8034643873275,0.1131260571076238,-1.801733318282277,0.0
pixels,B02,float64,13878,0,0.0,3056,22.020464043810346,False,,,,1171.5,1622.0,2229.0,4609.998306672431,2782.0,7422.0,8046.0,8492.0,2531.7370863152973,0.15529048147661434,-1.841575977300321,0.0
pixels,B05,float64,13878,0,0.0,5040,36.31647211413748,False,,,,1398.5,2157.385,2818.5,3401.2302925493586,3244.75,3934.0,4955.615,8395.5,770.788347697594,0.7811437032738145,1.1761034398103316,0.0
pixels,B06,float64,13878,0,0.0,5521,39.78238939328433,False,,,,1091.5,1113.5,1333.5,2616.7449200172937,2582.75,3613.0,5116.5,6403.5,1331.1467468042288,0.41350592533473046,-1.2450363419445258,0.0
pixels,B07,float64,13878,0,0.0,5309,38.25479175673728,False,,,,1099.0,1122.5,1275.5,2633.67243118605,2624.25,3681.5,5267.115,6207.5,1408.2430538417998,0.41575096217668056,-1.2891388147502274,0.0
pixels,B08,float64,13878,0,0.0,3518,25.349473987606284,False,,,,1081.5,1104.0,1261.5,2624.684572705001,2595.5,3681.0,5302.919999999998,6286.0,1422.7918596802056,0.4297563459745956,-1.2721657115031462,0.0
pixels,B8A,float64,13878,0,0.0,4782,34.457414613056635,False,,,,1026.0,1051.885,1118.0,2541.2660325695347,2587.0,3642.0,5294.23,5985.0,1479.344416354231,0.412591986210689,-1.3268573947716196,0.0
pixels,B11,float64,13878,0,0.0,4328,31.186049863092663,False,,,,1026.5,1036.0,1057.5,2699.025652111255,2996.5,4076.875,5675.844999999999,6263.0,1681.120719111245,0.27222896027768895,-1.5406496713117,0.0
pixels,B12,float64,13878,0,0.0,4466,32.18042945669405,False,,,,1019.5,1035.5,1058.0,2552.5549791036174,2632.5,3730.375,5653.115,6324.5,1582.2464564315883,0.43366750216473265,-1.283229906572089,0.0
features,sample_id,str,13878,0,0.0,50,0.3602824614497766,False,suelo_rocoso_002,928.0,5.195939612654394,,,,,,,,,,,,
features,class_id,int64,13878,0,0.0,3,0.021616947686986597,False,,,,2.0,2.0,3.0,3.122712206369794,3.0,4.0,4.0,4.0,0.70779541828901,-0.17923993563281182,-1.0006973376819128,0.0
features,class_name,str,13878,0,0.0,3,0.021616947686986597,False,agua_humedad,6717.0,1.4940039896089652,,,,,,,,,,,,
features,macro_class,str,13878,0,0.0,2,0.014411298457991066,False,sin_vegetacion,7161.0,0.9992615334487355,,,,,,,,,,,,
features,season,str,13878,0,0.0,1,0.007205649228995533,True,seca,13878.0,-0.0,,,,,,,,,,,,
features,confidence,str,13878,0,0.0,1,0.007205649228995533,True,alta,13878.0,-0.0,,,,,,,,,,,,
features,split,str,13878,0,0.0,3,0.021616947686986597,False,train,11778.0,0.7627193654347311,,,,,,,,,,,,
features,source,str,13878,0,0.0,1,0.007205649228995533,True,sentinel2_l2a_2025,13878.0,-0.0,,,,,,,,,,,,
features,notes,str,13878,0,0.0,4,0.028822596915982133,False,zona oscura homogénea asociada a humedad superficial,5103.0,1.8790361469518282,,,,,,,,,,,,
features,scl,int64,13878,0,0.0,3,0.021616947686986597,False,,,,2.0,5.0,5.0,5.470528894653408,5.0,6.0,6.0,6.0,0.5034611284598747,-0.000511438037578505,-1.2065029493991823,0.0
features,x,float64,13878,0,0.0,617,4.4458855742902434,False,,,,719240.0,719440.0,728900.0,733206.0902147284,730460.0,742000.0,747300.0,747480.0,8001.683297608897,0.20385364087684338,-1.0575841908992107,0.0
features,y,float64,13878,0,0.0,744,5.361003026372676,False,,,,7382380.0,7384040.0,7390160.0,7396816.143536532,7396980.0,7402380.0,7412180.0,7415400.0,8299.605775029517,0.2956006537051155,-1.0141854638757162,0.0
features,B04,float64,13878,0,0.0,2744,19.77230148436374,False,,,,1325.0,2205.77,3118.0,3679.058149589278,3630.5,4201.5,5624.0,8228.0,756.7171010551284,0.586119885353553,1.492005487417166,0.0
features,B03,float64,13878,0,0.0,2998,21.602536388528605,False,,,,1238.5,1907.425,2709.0,4760.815391266753,3406.5,7050.0,7898.0,8656.0,2171.8034643873275,0.1131260571076238,-1.801733318282277,0.0
features,B02,float64,13878,0,0.0,3056,22.020464043810346,False,,,,1171.5,1622.0,2229.0,4609.998306672431,2782.0,7422.0,8046.0,8492.0,2531.7370863152973,0.15529048147661434,-1.841575977300321,0.0
features,B05,float64,13878,0,0.0,5040,36.31647211413748,False,,,,1398.5,2157.385,2818.5,3401.2302925493586,3244.75,3934.0,4955.615,8395.5,770.788347697594,0.7811437032738145,1.1761034398103316,0.0
features,B06,float64,13878,0,0.0,5521,39.78238939328433,False,,,,1091.5,1113.5,1333.5,2616.7449200172937,2582.75,3613.0,5116.5,6403.5,1331.1467468042288,0.41350592533473046,-1.2450363419445258,0.0
features,B07,float64,13878,0,0.0,5309,38.25479175673728,False,,,,1099.0,1122.5,1275.5,2633.67243118605,2624.25,3681.5,5267.115,6207.5,1408.2430538417998,0.41575096217668056,-1.2891388147502274,0.0
features,B08,float64,13878,0,0.0,3518,25.349473987606284,False,,,,1081.5,1104.0,1261.5,2624.684572705001,2595.5,3681.0,5302.919999999998,6286.0,1422.7918596802056,0.4297563459745956,-1.2721657115031462,0.0
features,B8A,float64,13878,0,0.0,4782,34.457414613056635,False,,,,1026.0,1051.885,1118.0,2541.2660325695347,2587.0,3642.0,5294.23,5985.0,1479.344416354231,0.412591986210689,-1.3268573947716196,0.0
features,B11,float64,13878,0,0.0,4328,31.186049863092663,False,,,,1026.5,1036.0,1057.5,2699.025652111255,2996.5,4076.875,5675.844999999999,6263.0,1681.120719111245,0.27222896027768895,-1.5406496713117,0.0
features,B12,float64,13878,0,0.0,4466,32.18042945669405,False,,,,1019.5,1035.5,1058.0,2552.5549791036174,2632.5,3730.375,5653.115,6324.5,1582.2464564315883,0.43366750216473265,-1.283229906572089,0.0
features,NDVI,float64,13878,0,0.0,13762,99.16414468943651,False,,,,-0.5504272138384688,-0.5437353715028299,-0.5033907194903333,-0.21261505473596876,0.0290797751629676,0.0535762838465736,0.08559652940395823,0.142469470800064,0.2774001360585396,-0.08119829323017598,-1.9632760835675012,0.0
features,NDWI,float64,13878,0,0.0,13782,99.30825767401643,False,,,,-0.3055208593173218,-0.27784089381140004,-0.1453291297686981,0.2447346317624957,-0.0990867459261518,0.6847040191478883,0.7276555099657844,0.7327034622098064,0.42643114787993835,0.052642224244742686,-1.9478878980727998,0.0
features,MNDWI,float64,13878,0,0.0,13603,98.01844646202623,False,,,,-0.3455743304647625,-0.3061995969873464,-0.22080947111506222,0.2436964047538297,-0.12234765660370844,0.7360291917273623,0.7632501754222785,0.7695968205020555,0.4748450931380425,0.049844831738229955,-1.9713630141906309,0.0
features,NDBI_like,float64,13878,0,0.0,13595,97.96080126819426,False,,,,-0.6374362032693794,-0.26115113520129185,-0.0790429581054096,-0.020875489733323847,-0.0049449436844887,0.046943513126340645,0.13712511588430315,0.2335452121727403,0.09273037475064137,-0.9865628975023172,2.2876268722106197,0.0
features,SWIR_ratio,float64,13878,0,0.0,11327,81.6183888168324,False,,,,0.9458241641106938,0.9595539429089709,0.99903938424684,1.0436320631490974,1.0096176961697911,1.0865939813123218,1.2142243264275645,1.2568208773203555,0.0638926705914899,1.0880458431807245,0.08751260629105362,0.0
features,NIR_SWIR_ratio,float64,13878,0,0.0,13597,97.97521256665226,False,,,,0.6213430848998195,0.7588214115888547,0.9103227391802817,1.0641648830777724,1.0099390345538486,1.1716539513739863,1.7069137251898996,4.516270563425031,0.2361428174893872,3.4037329237122065,28.038655552621186,0.0
features,RED_SWIR_ratio,float64,13878,0,0.0,13726,98.90474131719267,False,,,,0.5513630317315947,0.6869771196937885,0.8127267733918729,2.2060061489371128,0.912441861602733,3.5868544567259577,5.126870536240068,6.432624107772496,1.5095029600195589,0.337722498815227,-1.5139014180378447,0.0
features,GREEN_SWIR_ratio,float64,13878,0,0.0,13603,98.01844646202623,False,,,,0.4863541571336741,0.531159562491436,0.6382572770183663,3.4895267584111505,0.781979040073196,6.576595352381158,7.447735929492152,7.68043576243265,2.959935728176196,0.11503749675347603,-1.9235846267404644,0.0
features,BLUE_RED_ratio,float64,13878,0,0.0,13812,99.5244271508863,False,,,,0.4781121749935904,0.5220642037692494,0.6744075785370158,1.2418519764310723,0.7703016238519149,1.815350922209097,2.4590311984948507,2.7272024718982992,0.6472702015847677,0.40680158758114604,-1.4272042014029118,0.0
clean_reference,sample_id,str,13878,0,0.0,50,0.3602824614497766,False,suelo_rocoso_002,928.0,5.195939612654394,,,,,,,,,,,,
clean_reference,class_id,int64,13878,0,0.0,3,0.021616947686986597,False,,,,2.0,2.0,3.0,3.122712206369794,3.0,4.0,4.0,4.0,0.70779541828901,-0.17923993563281182,-1.0006973376819128,0.0
clean_reference,class_name,str,13878,0,0.0,3,0.021616947686986597,False,agua_humedad,6717.0,1.4940039896089652,,,,,,,,,,,,
clean_reference,macro_class,str,13878,0,0.0,2,0.014411298457991066,False,sin_vegetacion,7161.0,0.9992615334487355,,,,,,,,,,,,
clean_reference,season,str,13878,0,0.0,1,0.007205649228995533,True,seca,13878.0,-0.0,,,,,,,,,,,,
clean_reference,confidence,str,13878,0,0.0,1,0.007205649228995533,True,alta,13878.0,-0.0,,,,,,,,,,,,
clean_reference,split,str,13878,0,0.0,3,0.021616947686986597,False,train,11778.0,0.7627193654347311,,,,,,,,,,,,
clean_reference,source,str,13878,0,0.0,1,0.007205649228995533,True,sentinel2_l2a_2025,13878.0,-0.0,,,,,,,,,,,,
clean_reference,notes,str,13878,0,0.0,4,0.028822596915982133,False,zona oscura homogénea asociada a humedad superficial,5103.0,1.8790361469518282,,,,,,,,,,,,
clean_reference,scl,int64,13878,0,0.0,3,0.021616947686986597,False,,,,2.0,5.0,5.0,5.470528894653408,5.0,6.0,6.0,6.0,0.5034611284598747,-0.000511438037578505,-1.2065029493991823,0.0
clean_reference,x,float64,13878,0,0.0,617,4.4458855742902434,False,,,,719240.0,719440.0,728900.0,733206.0902147284,730460.0,742000.0,747300.0,747480.0,8001.683297608897,0.20385364087684338,-1.0575841908992107,0.0
clean_reference,y,float64,13878,0,0.0,744,5.361003026372676,False,,,,7382380.0,7384040.0,7390160.0,7396816.143536532,7396980.0,7402380.0,7412180.0,7415400.0,8299.605775029517,0.2956006537051155,-1.0141854638757162,0.0
clean_reference,B04,float64,13878,0,0.0,2744,19.77230148436374,False,,,,1325.0,2205.77,3118.0,3679.058149589278,3630.5,4201.5,5624.0,8228.0,756.7171010551284,0.586119885353553,1.492005487417166,0.0
clean_reference,B03,float64,13878,0,0.0,2998,21.602536388528605,False,,,,1238.5,1907.425,2709.0,4760.815391266753,3406.5,7050.0,7898.0,8656.0,2171.8034643873275,0.1131260571076238,-1.801733318282277,0.0
clean_reference,B02,float64,13878,0,0.0,3056,22.020464043810346,False,,,,1171.5,1622.0,2229.0,4609.998306672431,2782.0,7422.0,8046.0,8492.0,2531.7370863152973,0.15529048147661434,-1.841575977300321,0.0
clean_reference,B05,float64,13878,0,0.0,5040,36.31647211413748,False,,,,1398.5,2157.385,2818.5,3401.2302925493586,3244.75,3934.0,4955.615,8395.5,770.788347697594,0.7811437032738145,1.1761034398103316,0.0
clean_reference,B06,float64,13878,0,0.0,5521,39.78238939328433,False,,,,1091.5,1113.5,1333.5,2616.7449200172937,2582.75,3613.0,5116.5,6403.5,1331.1467468042288,0.41350592533473046,-1.2450363419445258,0.0
clean_reference,B07,float64,13878,0,0.0,5309,38.25479175673728,False,,,,1099.0,1122.5,1275.5,2633.67243118605,2624.25,3681.5,5267.115,6207.5,1408.2430538417998,0.41575096217668056,-1.2891388147502274,0.0
clean_reference,B08,float64,13878,0,0.0,3518,25.349473987606284,False,,,,1081.5,1104.0,1261.5,2624.684572705001,2595.5,3681.0,5302.919999999998,6286.0,1422.7918596802056,0.4297563459745956,-1.2721657115031462,0.0
clean_reference,B8A,float64,13878,0,0.0,4782,34.457414613056635,False,,,,1026.0,1051.885,1118.0,2541.2660325695347,2587.0,3642.0,5294.23,5985.0,1479.344416354231,0.412591986210689,-1.3268573947716196,0.0
clean_reference,B11,float64,13878,0,0.0,4328,31.186049863092663,False,,,,1026.5,1036.0,1057.5,2699.025652111255,2996.5,4076.875,5675.844999999999,6263.0,1681.120719111245,0.27222896027768895,-1.5406496713117,0.0
clean_reference,B12,float64,13878,0,0.0,4466,32.18042945669405,False,,,,1019.5,1035.5,1058.0,2552.5549791036174,2632.5,3730.375,5653.115,6324.5,1582.2464564315883,0.43366750216473265,-1.283229906572089,0.0
clean_reference,NDVI,float64,13878,0,0.0,13762,99.16414468943651,False,,,,-0.5504272138384688,-0.5437353715028299,-0.5033907194903333,-0.21261505473596876,0.0290797751629676,0.0535762838465736,0.08559652940395823,0.142469470800064,0.2774001360585396,-0.08119829323017598,-1.9632760835675012,0.0
clean_reference,NDWI,float64,13878,0,0.0,13782,99.30825767401643,False,,,,-0.3055208593173218,-0.27784089381140004,-0.1453291297686981,0.2447346317624957,-0.0990867459261518,0.6847040191478883,0.7276555099657844,0.7327034622098064,0.42643114787993835,0.052642224244742686,-1.9478878980727998,0.0
clean_reference,MNDWI,float64,13878,0,0.0,13603,98.01844646202623,False,,,,-0.3455743304647625,-0.3061995969873464,-0.22080947111506222,0.2436964047538297,-0.12234765660370844,0.7360291917273623,0.7632501754222785,0.7695968205020555,0.4748450931380425,0.049844831738229955,-1.9713630141906309,0.0
clean_reference,NDBI_like,float64,13878,0,0.0,13595,97.96080126819426,False,,,,-0.6374362032693794,-0.26115113520129185,-0.0790429581054096,-0.020875489733323847,-0.0049449436844887,0.046943513126340645,0.13712511588430315,0.2335452121727403,0.09273037475064137,-0.9865628975023172,2.2876268722106197,0.0
clean_reference,SWIR_ratio,float64,13878,0,0.0,11327,81.6183888168324,False,,,,0.9458241641106938,0.9595539429089709,0.99903938424684,1.0436320631490974,1.0096176961697911,1.0865939813123218,1.2142243264275645,1.2568208773203555,0.0638926705914899,1.0880458431807245,0.08751260629105362,0.0
clean_reference,NIR_SWIR_ratio,float64,13878,0,0.0,13597,97.97521256665226,False,,,,0.6213430848998195,0.7588214115888547,0.9103227391802817,1.0641648830777724,1.0099390345538486,1.1716539513739863,1.7069137251898996,4.516270563425031,0.2361428174893872,3.4037329237122065,28.038655552621183,0.0
clean_reference,RED_SWIR_ratio,float64,13878,0,0.0,13726,98.90474131719267,False,,,,0.5513630317315947,0.6869771196937885,0.8127267733918729,2.2060061489371128,0.912441861602733,3.5868544567259577,5.126870536240068,6.432624107772496,1.5095029600195589,0.337722498815227,-1.5139014180378447,0.0
clean_reference,GREEN_SWIR_ratio,float64,13878,0,0.0,13603,98.01844646202623,False,,,,0.4863541571336741,0.531159562491436,0.6382572770183663,3.4895267584111505,0.781979040073196,6.576595352381158,7.447735929492152,7.68043576243265,2.959935728176196,0.11503749675347603,-1.9235846267404644,0.0
clean_reference,BLUE_RED_ratio,float64,13878,0,0.0,13812,99.5244271508863,False,,,,0.4781121749935904,0.5220642037692494,0.6744075785370158,1.2418519764310723,0.7703016238519149,1.815350922209097,2.4590311984948507,2.7272024718982992,0.6472702015847677,0.40680158758114604,-1.4272042014029118,0.0
balanced_reference,sample_id,str,8025,0,0.0,50,0.6230529595015576,False,suelo_rocoso_002,658.0,5.228875028151688,,,,,,,,,,,,
balanced_reference,class_id,int64,8025,0,0.0,3,0.037383177570093455,False,,,,2.0,2.0,2.0,3.0,3.0,4.0,4.0,4.0,0.816547457743735,0.0,-1.5,0.0
balanced_reference,class_name,str,8025,0,0.0,3,0.037383177570093455,False,agua_humedad,2675.0,1.584962500721156,,,,,,,,,,,,
balanced_reference,macro_class,str,8025,0,0.0,2,0.024922118380062305,False,sin_vegetacion,5350.0,0.9182958340544896,,,,,,,,,,,,
balanced_reference,season,str,8025,0,0.0,1,0.012461059190031152,True,seca,8025.0,-0.0,,,,,,,,,,,,
balanced_reference,confidence,str,8025,0,0.0,1,0.012461059190031152,True,alta,8025.0,-0.0,,,,,,,,,,,,
balanced_reference,split,str,8025,0,0.0,3,0.037383177570093455,False,train,7038.0,0.6589120951571955,,,,,,,,,,,,
balanced_reference,source,str,8025,0,0.0,1,0.012461059190031152,True,sentinel2_l2a_2025,8025.0,-0.0,,,,,,,,,,,,
balanced_reference,notes,str,8025,0,0.0,4,0.04984423676012461,False,suelo desnudo,2675.0,1.8585508958285633,,,,,,,,,,,,
balanced_reference,scl,int64,8025,0,0.0,3,0.037383177570093455,False,,,,2.0,5.0,5.0,5.322866043613707,5.0,6.0,6.0,6.0,0.46919752893757577,0.7069846567102421,-1.132191830004594,0.0
balanced_reference,x,float64,8025,0,0.0,611,7.613707165109035,False,,,,719240.0,719520.0,729260.0,735552.476012461,737120.0,743100.0,747360.0,747480.0,8257.073414870934,-0.2524639021661068,-1.259677842538631,0.0
balanced_reference,y,float64,8025,0,0.0,733,9.133956386292835,False,,,,7382380.0,7383340.0,7390940.0,7399588.623052959,7399820.0,7408500.0,7412835.2,7415380.0,8671.388106612769,-0.16459548547140862,-1.1723905633482807,0.0
balanced_reference,B04,float64,8025,0,0.0,2342,29.183800623052957,False,,,,1325.0,2189.2,3143.0,3713.284859813084,3736.0,4258.0,5562.640000000003,8200.0,752.2848357199193,0.5395067381826748,2.111263092283954,0.0
balanced_reference,B03,float64,8025,0,0.0,2654,33.07165109034268,False,,,,1238.5,1908.24,2693.0,4157.161931464175,3069.0,6472.0,7878.0,8588.0,2002.7068682820795,0.7313380741240911,-1.2276662210616625,0.0
balanced_reference,B02,float64,8025,0,0.0,2566,31.97507788161994,False,,,,1171.5,1623.86,2211.0,3873.61507788162,2495.0,6536.0,8025.52,8472.0,2334.248214282663,0.8007517208345465,-1.2040553569819041,0.0
balanced_reference,B05,float64,8025,0,0.0,4151,51.72585669781932,False,,,,1398.5,2170.62,2950.0,3596.3138940809968,3434.5,4365.0,5027.660000000001,8395.5,826.4785569645679,0.5255437188769717,0.8798159113811126,0.0
balanced_reference,B06,float64,8025,0,0.0,4503,56.112149532710276,False,,,,1091.5,1117.12,1488.5,3100.987912772586,3271.0,4472.0,5177.300000000001,6403.5,1380.2418516184275,-0.11319567103138228,-1.4067294959356396,0.0
balanced_reference,B07,float64,8025,0,0.0,4298,53.557632398753896,False,,,,1101.5,1127.0,1393.0,3148.4495327102804,3341.5,4617.0,5324.88,6207.5,1459.6049724517163,-0.12180741696673761,-1.4466716676946045,0.0
balanced_reference,B08,float64,8025,0,0.0,2894,36.06230529595015,False,,,,1083.5,1108.62,1376.0,3143.5634267912774,3340.0,4626.0,5383.52,6286.0,1476.1944791147823,-0.10764894891843696,-1.4483294399486022,0.0
balanced_reference,B8A,float64,8025,0,0.0,3916,48.797507788161994,False,,,,1026.0,1055.0,1171.5,3083.7465420560748,3311.0,4629.5,5350.180000000001,5985.0,1531.9020181798205,-0.13303691891819205,-1.4695269231898083,0.0
balanced_reference,B11,float64,8025,0,0.0,3657,45.570093457943926,False,,,,1026.5,1037.0,1070.5,3293.0371339563862,3739.5,4853.0,5745.52,6263.0,1705.6316979785854,-0.2694973771179754,-1.4792139174934311,0.0
balanced_reference,B12,float64,8025,0,0.0,3834,47.77570093457944,False,,,,1026.5,1038.0,1071.0,3128.921308411215,3361.5,4677.0,5741.160000000001,6324.5,1641.7842693987834,-0.1000383016403342,-1.441897994908787,0.0
balanced_reference,NDVI,float64,8025,0,0.0,7967,99.27725856697819,False,,,,-0.5489126007088193,-0.5424249604260143,-0.4826185100490703,-0.12686922992829855,0.0446336429250988,0.0637522768554185,0.08721616386161098,0.1158935118578202,0.2622770164290506,-0.7218992770435452,-1.4465389893525813,0.0
balanced_reference,NDWI,float64,8025,0,0.0,7992,99.58878504672897,False,,,,-0.3055208593173218,-0.2821135061056807,-0.2076833827242898,0.10768822390941374,-0.1245089666738669,0.6639495134546477,0.7269293783944929,0.7319345952374219,0.406723035086452,0.6836197215353634,-1.4591068560396288,0.0
balanced_reference,MNDWI,float64,8025,0,0.0,7984,99.48909657320873,False,,,,-0.3455743304647625,-0.31162323260038793,-0.244690891901287,0.09583432271914387,-0.1836503783065341,0.7163101238974914,0.7623924012071301,0.7695968205020555,0.4504842730044512,0.6854862624675433,-1.4915952345878543,0.0
balanced_reference,NDBI_like,float64,8025,0,0.0,7970,99.31464174454828,False,,,,-0.5790604850201012,-0.2514910983752845,-0.0465011286471778,-0.0026941835795332666,0.0258910789058593,0.0496290611346087,0.13447806338393195,0.2335452121727403,0.08647937532894218,-1.7012139291031256,5.647339634583306,0.0
balanced_reference,SWIR_ratio,float64,8025,0,0.0,7470,93.0841121495327,False,,,,0.9458241641106938,0.9561191204491972,0.999999999042604,1.047196401373822,1.0172347264264348,1.09246855053342,1.2162084914884932,1.2504848571533689,0.06427768285039206,0.9399420256203289,-0.030791025192454136,0.0
balanced_reference,NIR_SWIR_ratio,float64,8025,0,0.0,7971,99.32710280373833,False,,,,0.6213430848998195,0.7629252327787014,0.905435047305524,1.0245302541329353,0.9495247018477642,1.0975378777485436,1.671979126272487,3.751276437818179,0.23096067081092514,4.659845631372521,39.487835860716416,0.0
balanced_reference,RED_SWIR_ratio,float64,8025,0,0.0,7989,99.55140186915887,False,,,,0.5513630317315947,0.6874051649219146,0.8067209774324396,1.7760914332363056,0.8383717447355966,3.2191846491902303,5.085287227156372,6.432624107772496,1.4139000512439799,0.9498591563728344,-0.7283364275996762,0.0
balanced_reference,GREEN_SWIR_ratio,float64,8025,0,0.0,7984,99.48909657320873,False,,,,0.4863541571336741,0.524828129255196,0.6068246444347252,2.582643911236042,0.6896881346183085,6.0499519634486525,7.41723921828124,7.68043576243265,2.772164475107312,0.7582976305534755,-1.3590987165058237,0.0
balanced_reference,BLUE_RED_ratio,float64,8025,0,0.0,7992,99.58878504672897,False,,,,0.4781121749935904,0.514988168995654,0.602736653072513,1.0428224292242636,0.7077730401089626,1.58238993677518,2.4387081927384138,2.7170105088684275,0.603493546075888,1.0276257933362472,-0.5222306454180985,0.0
